success,keygen_time,derive_time,kdf_time,total_time,key_size,error
True,0.02313240012153983,0.0006383999716490507,0.0013828999362885952,0.025676199933514,32,
True,0.0003939000889658928,0.0002967999316751957,0.00018820003606379032,0.001365899806842208,32,
