success,keygen_time,encap_time,decap_time,kdf_time,total_time,final_key_size,error
True,0.0004569999873638153,0.0002229998353868723,0.0002202000468969345,0.01054759998805821,0.011453400133177638,32,
True,0.00046849995851516724,0.00022739986889064312,0.0002202000468969345,0.013378999894484878,0.014302599942311645,32,
