success,keygen_time,encap_time,decap_time,total_time,key_size,error
True,0.0009103999473154545,0.00024319998919963837,0.00013770000077784061,0.0012940000742673874,32,
True,0.00012780004180967808,0.00010559987276792526,0.00011269981041550636,0.00034820009022951126,32,
